{"type": "metrics", "dataset": "train", "precision": 0.5845519310086239, "balanced_accuracy": 0.7616700379382164, "recall": 0.6598941798941799, "f1_score": 0.6199423401928621}
{"type": "cm_matrix", "dataset": "train", "true_0": {"predicted_0": 14012, "predicted_1": 2216}, "true_1": {"predicted_0": 1607, "predicted_1": 3118}}
{"type": "metrics", "dataset": "test", "precision": 0.5096629213483146, "balanced_accuracy": 0.7203573615224472, "recall": 0.5949632738719832, "f1_score": 0.5490196078431373}
{"type": "cm_matrix", "dataset": "test", "true_0": {"predicted_0": 5982, "predicted_1": 1091}, "true_1": {"predicted_0": 772, "predicted_1": 1134}}
